, Score,cropDataLength,datasetName,seed,lengthStep,lengths,threshAlgo,_f1_10,_f1_15,_f1_20,_f1_25,_f1_30,_f1_35,_f1_40,_f1_45,_f1_5,_f1_50,_f1_55,_f1_60,_f1_65,_f1_70,_f1_75,_f1_80,_f1_85,_f1_90,_f1_95,_intersectSz,_iou,_numMatches_10,_numMatches_15,_numMatches_20,_numMatches_25,_numMatches_30,_numMatches_35,_numMatches_40,_numMatches_45,_numMatches_5,_numMatches_50,_numMatches_55,_numMatches_60,_numMatches_65,_numMatches_70,_numMatches_75,_numMatches_80,_numMatches_85,_numMatches_90,_numMatches_95,_numReported,_numTrue_10,_numTrue_15,_numTrue_20,_numTrue_25,_numTrue_30,_numTrue_35,_numTrue_40,_numTrue_45,_numTrue_5,_numTrue_50,_numTrue_55,_numTrue_60,_numTrue_65,_numTrue_70,_numTrue_75,_numTrue_80,_numTrue_85,_numTrue_90,_numTrue_95,_prec_10,_prec_15,_prec_20,_prec_25,_prec_30,_prec_35,_prec_40,_prec_45,_prec_5,_prec_50,_prec_55,_prec_60,_prec_65,_prec_70,_prec_75,_prec_80,_prec_85,_prec_90,_prec_95,_rec_10,_rec_15,_rec_20,_rec_25,_rec_30,_rec_35,_rec_40,_rec_45,_rec_5,_rec_50,_rec_55,_rec_60,_rec_65,_rec_70,_rec_75,_rec_80,_rec_85,_rec_90,_rec_95,_reportedFrac,_reportedSize,_std_iou,_truthFrac,_truthSize,_unionSz,time
0,0.0,5000,dishwasher,1,1,"[140 141 142 143 144 145 146 147 148 149 150 151 152 153 154 155 156 157
 158 159]",minnen,0.00787401574803,0.00787401574803,0.00787401574803,0.00787401574803,0.00796812749004,0.00796812749004,0.00796812749004,0.0,0.00787401574803,0.0,0.0,0.0,0.0,0.0,0.0,0.0,0.0,0.0,0.0,76.0,0.00342373186774,1,1,1,1,1,1,1,0,1,0,0,0,0,0,0,0,0,0,0,21,233,233,233,233,230,230,230,233,233,233,233,233,233,233,233,233,233,233,233,0.047619047619,0.047619047619,0.047619047619,0.047619047619,0.047619047619,0.047619047619,0.047619047619,0.0,0.047619047619,0.0,0.0,0.0,0.0,0.0,0.0,0.0,0.0,0.0,0.0,0.00429184549356,0.00429184549356,0.00429184549356,0.00429184549356,0.00434782608696,0.00434782608696,0.00434782608696,0.0,0.00429184549356,0.0,0.0,0.0,0.0,0.0,0.0,0.0,0.0,0.0,0.0,0.0258503401361,2940.0,0.0,0.00393089893452,19334.0,22198.0,304.701506
